Student_ID,Gender,Department,Average_Attendance_On_Class,Are_You_Engaged_With_Any_Co-Curriculum_Activities?,What_Is_Your_Current_CGPA?,Feedback_Rating,Teacher_Feedback,password,Name
S001,Female,ME,94.34,No,6.6,6.5,Average,pass123,Keerthi
S002,Female,IT,77.65,Yes,9.55,9,Excellent,9D1xb4I$W,Sneha
S003,Male,CIVIL,76.26,No,6.27,6.5,Average,xH@G87R1A,Nikhil
S004,Female,CIVIL,72.74,Yes,8.43,7,Good,4ZC6$NAF5,Saanvi
S005,Male,CSE,69.24,No,5.75,3,Poor,8H^47HeiD,Vihaan
S006,Female,IT,67.66,No,7.46,7,Good,8P#jG2UD8,Lavanya
S007,Female,ME,47.14,No,6.19,4.5,Average,fJ6jE50@T,Keerthi
S008,Female,ECE,72.86,No,9.72,8,Good,13gDl!Q2U,Saanvi
S009,Female,IT,64.41,No,8.86,8,Good,xjU02ej6^,Meera
S010,Male,ME,93.07,No,9.94,10,Excellent,t78ljq&9k,Rohan
S011,Male,ME,90.52,Yes,9.01,9,Excellent,AJ8T2i4#a,Rohit
S012,Male,CIVIL,77.4,Yes,9.43,8,Good,Esm01H3#b,Kiran
S013,Male,ECE,93.86,No,6.7,7.5,Good,T829rrW&b,Aarav
S014,Female,AI-DS,78.48,No,5.21,5,Average,TnV97$QF2,Harini
S015,Male,CSE,69.53,No,9.59,7.5,Good,Z4zoIl*97,Rohan
S016,Female,ECE,54.4,Yes,9.41,7,Good,9Nh#fZ00h,Diya
S017,Male,CSE,38.31,No,8.57,5,Average,f1a4ho&3V,Vihaan
S018,Female,AI-DS,89.07,Yes,7.86,7,Good,01AfVQ4!E,Saanvi
S019,Male,AI-DS,68.99,No,7.19,6.5,Average,$qwl9c49R,Vihaan
S020,Male,AI-DS,73.75,No,9.16,8,Good,V2Mj70In$,Karan
S021,Female,IT,60.21,Yes,7.64,6,Average,Zz4^7gZ4j,Diya
S022,Female,CSE,90.94,Yes,9.84,10,Excellent,7Au8S8m&m,Lavanya
S023,Male,CSE,78.31,No,6.15,6,Average,O8*mZ7gB1,Suresh
S024,Male,ME,88.21,No,6.85,6.5,Average,6Yk$XSE16,Varun
S025,Male,CIVIL,97.84,No,5.67,6,Average,2WQ*o30bb,Arjun
S026,Male,CIVIL,44.09,No,6.28,4.5,Average,a0uJ60!eN,Rahul
S027,Female,AI-DS,93.11,Yes,9.65,10,Excellent,b9r^17PqT,Keerthi
S028,Male,CIVIL,87.5,No,8.67,9,Excellent,xV0MJ5!l1,Rohit
S029,Female,CIVIL,65.3,No,4.6,3,Poor,9s4#Zwi4G,Aaradhya
S030,Male,AI-DS,68.43,No,6.81,6.5,Average,8@0up8pKN,Anil
S031,Male,CSE,81.22,No,9.22,9,Excellent,%DTv9V31G,Rahul
S032,Female,AI-DS,82.3,No,7.69,8,Good,4aH49g$tA,Ishita
S033,Female,CSE,72.04,Yes,8.8,8.5,Good,929BP!Uuk,Anjali
S034,Male,ECE,71.05,No,5.29,5,Average,N7&1Pi8WS,Rakesh
S035,Female,AI-DS,95.87,No,7.04,7,Good,7HDH8K&M6,Priya
S036,Female,CIVIL,87.82,Yes,6.13,6.5,Average,7oOn#c8l5,Lavanya
S037,Female,AI-DS,74.22,Yes,7.05,7.5,Good,PT@1Z86lO,Divya
S038,Male,CIVIL,70.8,No,9.7,8,Good,8arm8ij^8,Siddharth
S039,Male,AI-DS,91.57,Yes,5.08,6.5,Average,z8Ap7!8pp,Karan
S040,Female,IT,57.09,No,9.75,7,Good,9AN4Ur$G0,Navya
S041,Female,AI-DS,98.51,Yes,5.42,6.5,Average,gAs!zD256,Saanvi
S042,Male,IT,81.29,No,9.21,9,Excellent,N9aU06@Es,Kiran
S043,Female,ECE,67.51,No,7.99,7.5,Good,f&18Dg0mk,Navya
S044,Female,AI-DS,87.96,No,8.88,9,Excellent,U2q89^teI,Sneha
S045,Male,IT,85.81,Yes,7.55,8,Good,AU5%K45jo,Vivek
S046,Male,AI-DS,87.54,Yes,8.19,9,Excellent,!Ps7moH64,Vivek
S047,Female,CIVIL,63.97,Yes,9.77,7.5,Good,64MJjY#t9,Lavanya
S048,Male,ECE,98.91,Yes,9.81,10,Excellent,4D2Li1$no,Akhil
S049,Male,CSE,89.99,Yes,9.29,10,Excellent,d7yg52^XS,Vamsi
S050,Female,CSE,72.33,No,7.92,8,Good,t9K*SAo73,Saanvi
S051,Female,IT,50.78,No,7.57,7.5,Good,h5YZ36X$M,Keerthi
S052,Female,ECE,57.11,No,7.39,6,Average,URXo*146q,Keerthi
S053,Male,CIVIL,51.22,Yes,5.53,5.5,Average,T4lm4B!P6,Rakesh
S054,Male,AI-DS,77.87,Yes,5.36,6,Average,21llpwg!0,Rohit
S055,Male,IT,53.31,Yes,7.75,8.5,Average,I3T40PU*y,Rahul
S056,Female,AI-DS,53.5,Yes,5.26,5.5,Average,6#YLGt46z,Nisha
S057,Female,CIVIL,91.79,Yes,8.46,9,Excellent,S6O&P5ZZ0,Keerthi
S058,Female,ME,91.2,Yes,7.17,8,Good,7Pj0Z@3tK,Charitha
S059,Male,CSE,92.66,No,8.48,9,Excellent,043!YMELa,Vivek
S060,Male,ME,69.23,No,6.25,7,Good,eI3N*5Jj4,Siddharth
S061,Male,CSE,71.7,No,9.75,8.5,Good,0G0&TOh2J,Sai
S062,Female,IT,75.34,Yes,7.23,8,Good,Pl#1d59OJ,Pooja
S063,Female,AI-DS,88.45,Yes,8.78,9,Excellent,$V75G5Ujg,Nisha
S064,Male,CIVIL,50.39,No,5.4,5.5,Average,0^euMM0s8,Vivek
S065,Male,ECE,95.23,Yes,8.89,9.5,Excellent,a45xR#dH5,Rahul
S066,Female,CIVIL,73.93,No,6.05,7,Good,L7v%ge9o9,Divya
S067,Male,ME,69.36,No,5.98,6,Average,u2Wq!25dP,Rohan
S068,Male,AI-DS,82.31,Yes,7.28,8.5,Good,5grj1H3&w,Siddharth
S069,Female,IT,98.74,No,5.69,6,Average,w!fMq1t74,Navya
S070,Female,CSE,64.8,Yes,9.04,7,Good,4o8r3HN%u,Charitha
S071,Female,AI-DS,96.21,Yes,6.99,7.5,Good,J8b@Jm3a8,Divya
S072,Female,CIVIL,61.36,Yes,7.11,7,Good,^jR75htJ3,Ananya
S073,Male,CIVIL,55.57,Yes,7.62,6,Average,#Fa02Xzl1,Vamsi
S074,Female,IT,86.3,Yes,5.53,6,Average,5id7a2R@m,Riya
S075,Male,AI-DS,92.97,Yes,6.07,7,Good,q2a0@4wxg,Nikhil
S076,Male,AI-DS,69.89,No,9.82,7.5,Good,53iEyQf$6,Vamsi
S077,Female,ECE,81.49,Yes,7.21,7,Good,DNw%44u6F,Nisha
S078,Male,ECE,70.05,No,8.51,8,Good,0jVm#g32N,Suresh
S079,Male,AI-DS,87.61,No,6.21,7,Good,0p63M%doD,Vamsi
S080,Male,ME,83.64,No,5.72,6,Average,H0A99rj$i,Vamsi
S081,Male,AI-DS,54.31,Yes,6.01,5.5,Average,!0UvdD2C6,Akhil
S082,Male,ECE,81.89,Yes,5.61,5.5,Average,C7W&ZKl95,Rahul
S083,Female,ME,67.37,Yes,8.13,7,Good,7gX7a%5kq,Navya
S084,Male,ECE,66.43,Yes,6.54,6,Average,21x5nX$kt,Karan
S085,Female,IT,91.3,Yes,8.66,9,Excellent,u^29agV1t,Bhavya
S086,Female,AI-DS,57.35,No,8.16,7,Good,s2es#n4X4,Ishita
S087,Male,IT,59.16,Yes,7.89,7,Good,ns3G84vm^,Akhil
S088,Male,ECE,59.69,No,5.82,6,Average,IJ5q^43PH,Rakesh
S089,Female,CSE,66.71,Yes,7.43,6.5,Average,44g*y2WjN,Charitha
S090,Female,CIVIL,55.56,No,5.44,5,Average,b3ppl99X#,Ishita
S091,Female,AI-DS,99.94,Yes,8.45,9,Excellent,0fA&U62wk,Aaradhya
S092,Male,CSE,90.69,Yes,7.16,8,Good,%4F1MuLc0,Manoj
S093,Male,ME,79.09,No,9.82,8.5,Good,8C00nzWq*,Kiran
S094,Female,AI-DS,80.68,No,5.14,6,Average,y50Mpv7L#,Pooja
S095,Female,ECE,97.04,Yes,6.53,7,Good,l05Fm*oM1,Navya
S096,Female,AI-DS,67.79,No,6.07,6,Average,E#I5h5Gf5,Pooja
S097,Female,CSE,50.28,No,4.66,4.5,Average,STVk5j54*,Ishita
S098,Male,CIVIL,78.81,Yes,6.52,7,Good,15^ENwhT0,Akhil
S099,Female,ME,68.15,Yes,8.99,8,Good,Df96yqO2*,Harini
S100,Male,IT,50.19,No,7.34,5.5,Average,aF2i6&KY1,Suresh
S101,Male,CSE,82.48,Yes,5.41,7,Good,UGrl7V95%,Manoj
S102,Female,AI-DS,85.02,No,9.12,9,Excellent,azF82D7I$,Kavya
S103,Female,IT,55.86,Yes,5.52,6,Average,J2%yt88FX,Keerthi
S104,Female,ME,61.02,No,8.8,7.5,Average,0VZ7#euX5,Priya
S105,Male,CSE,47.99,Yes,7.42,6,Average,u#b81S7Lw,Rahul
S106,Female,ME,88.57,Yes,6.57,7,Good,0kgUT32p*,Divya
S107,Female,AI-DS,38.51,No,5.02,4,Poor,!2TMayV00,Bhavya
S108,Female,ME,60.23,Yes,8.65,7,Good,i&W32li3D,Saanvi
S109,Female,ECE,28.65,Yes,5.54,3.5,Poor,X1Lr#07qr,Saanvi
S110,Female,AI-DS,30.55,No,3.03,3,Poor,1IS99SR^H,Navya
S111,Male,CSE,65.93,No,8.27,7.5,Good,!2WvNPE62,Varun
S112,Male,ME,66.31,No,8.61,7,Good,hcV6xD$34,Aditya
S113,Female,IT,81.09,No,6.92,7.5,Good,9w%u1g7iZ,Charitha
S114,Male,IT,93.84,No,7.24,8,Good,$Zf8Ju02Z,Aarav
S115,Male,CSE,86.34,Yes,6.89,7,Good,8pAf9$2MB,Akhil
S116,Female,ECE,83.93,No,8.84,9,Excellent,#4D8Wkp5G,Lavanya
S117,Female,CSE,39.05,No,5.05,4,Average,!90yT7Svl,Charitha
S118,Male,IT,96.49,Yes,9.36,10,Excellent,ma#438ZFw,Aditya
S119,Male,AI-DS,80.87,No,7.27,8,Good,1xK3Fk3M!,Vamsi
S120,Female,IT,62.65,Yes,6.55,7,Good,R*781UUur,Pooja
S121,Male,AI-DS,77.57,Yes,7.42,6,Average,TD4&O0Gr1,Suresh
S122,Male,ME,54.85,Yes,5.84,6,Average,N5sDjp$20,Rohit
S123,Female,ECE,68.22,No,6.51,6.5,Average,*6Bwi5Xg9,Ishita
S124,Female,ECE,42.66,Yes,5.61,6,Average,08gy1bu%z,Anjali
S125,Male,ECE,33.54,Yes,6.2,4.5,Average,968OwuK#v,Vivek
S126,Female,ECE,98.45,Yes,9.52,10,Excellent,M7sW@1j7z,Meera
S127,Female,AI-DS,89.01,No,5.26,7,Good,Px45UY*c2,Aaradhya
S128,Female,AI-DS,72.75,Yes,8.71,8,Good,4E3Anp@E2,Ananya
S129,Male,ME,86.83,Yes,9.12,9.5,Excellent,YtV4!Y71v,Aditya
S130,Female,CIVIL,85.65,Yes,8.27,9,Excellent,l6Rv8A1v%,Aaradhya
S131,Female,ECE,79.86,Yes,8.31,8,Good,#sK8TIV32,Aaradhya
S132,Male,ECE,54.51,Yes,8.74,7,Good,f9G1zz@S2,Karan
S133,Female,ME,68.57,No,9.12,7.5,Good,82@5borDR,Kavya
S134,Female,ME,68.63,No,8.97,7,Good,jYh6BO48#,Bhavya
S135,Male,ME,70.33,Yes,7.29,8,Good,QU#Azc531,Aarav
S136,Female,CIVIL,87.75,Yes,8.98,9,Excellent,wy0*22NKC,Saanvi
S137,Male,CIVIL,91.22,Yes,9.23,10,Excellent,Cz36KA5*G,Varun
S138,Female,ME,68.99,Yes,6.38,6.5,Average,7YBPJ&9t2,Anjali
S139,Male,IT,57.9,No,9.09,7,Good,Z%L8RV9X2,Vivek
S140,Male,CSE,62.6,Yes,8.66,7,Poor,v7UIhk$36,Rohit
S141,Female,ECE,86.11,No,8.06,9,Excellent,BUOM4D37#,Riya
S142,Female,ME,63.81,No,5.78,6,Average,6FwX3O$w0,Bhavya
S143,Female,ECE,60.83,Yes,6.87,6.5,Average,m0c7lNZ@1,Pooja
S144,Female,CSE,75.07,Yes,6.57,7,Good,73p%ra4ED,Diya
S145,Female,CIVIL,56.83,Yes,6.48,6,Average,5SRPL91Z#,Navya
S146,Male,CIVIL,69.86,Yes,8.52,7,Good,jr7Cf&0G1,Suresh
S147,Male,ME,87.77,No,8.23,9,Excellent,$V5fEN3a6,Rohit
S148,Female,ME,91.42,Yes,9.17,10,Excellent,zc8*CI3F7,Ishita
S149,Male,IT,80.03,No,6.72,7,Good,2a#UFsO60,Arjun
S150,Female,ME,52.01,No,5.84,6,Average,5X2kWd&z1,Saanvi
S151,Male,ECE,96.74,No,6.69,7.5,Good,bk714!DKs,Vivek
S152,Male,CIVIL,84.02,No,8.16,9,Excellent,HVT1#5N8g,Suresh
S153,Male,CSE,73.49,Yes,9.41,8,Good,zg^X098ce,Vivek
S154,Male,CSE,43.22,No,4.9,4.5,Average,%F2yq5M5f,Sai
S155,Female,CIVIL,45.32,Yes,3.76,3.5,Poor,mT1L#6TJ0,Bhavya
S156,Female,CSE,25.01,Yes,2.17,2,Poor,H6brR4!5j,Keerthi
S157,Female,ECE,97.38,No,7.42,8,Good,E7M*b4L1a,Pooja
S158,Male,ME,97.52,Yes,6.97,7.5,Good,bypsJ!020,Varun
S159,Male,CSE,98.18,No,6.32,7,Good,7W5D9oJ^S,Rohan
S160,Male,IT,82.3,Yes,7.28,8,Good,53SCvI6#N,Rakesh
S161,Female,CSE,74.58,No,5.09,6.5,Average,Y84J!SCp9,Ishita
S162,Male,AI-DS,20.18,No,1.97,2,Poor,i2*0G8FuT,Rohan
S163,Male,AI-DS,84.29,No,5.04,7,Good,D923YO%WT,Rahul
S164,Male,CSE,74.17,No,8.05,7.5,Good,mw2cf#G72,Varun
S165,Female,ECE,33.24,Yes,2.15,2,Poor,xph06^8He,Charitha
S166,Female,IT,60.62,Yes,9.18,7,Good,Jk!2q3D2n,Riya
S167,Female,CSE,53.18,No,8.44,6.5,Average,@EzYI823O,Navya
S168,Female,ME,18.05,No,3.03,3,Poor,*521AXkIz,Riya
S169,Female,ECE,38.21,No,4.05,3.5,Poor,8eT8Hg@G1,Lavanya
S170,Female,ME,89.84,Yes,8.81,9,Excellent,B8VzW9&1N,Keerthi
S171,Male,ECE,98.77,No,7.78,8,Good,%p5r65Dls,Vivek
S172,Male,AI-DS,64.24,Yes,8.72,7,Good,2Gk9^2eAX,Vivek
S173,Female,ME,77.11,No,5.93,6.5,Average,Fv7M0k3#W,Ananya
S174,Male,IT,27.86,Yes,2.7,3,Poor,Z93l5OUc&,Rohit
S175,Female,ECE,13.73,Yes,1.68,1,Poor,@5Gfi40WT,Bhavya
S176,Male,CSE,98.07,No,8.1,9,Excellent,W3^d0tQg1,Nikhil
S177,Female,CSE,70.88,Yes,9.24,8.5,Good,huZ0E^6d2,Meera
S178,Male,ME,51.91,Yes,7.5,7.5,Good,Rv144xc^u,Akhil
S179,Male,CSE,73.95,No,5.14,6,Average,r1joU2T!1,Kiran
S180,Female,ECE,91.26,No,6.46,7,Good,3d86w#qCI,Divya
S181,Male,CIVIL,77.93,No,7.82,8,Good,71og3FPr@,Vihaan
S182,Female,ME,54.72,No,6.1,6,Average,8DgC1*6ij,Nisha
S183,Female,CSE,69.33,Yes,9.78,7.5,Good,lYb12BC7#,Priya
S184,Male,CSE,59.65,Yes,5.57,6,Average,B8K5#0WGO,Karan
S185,Female,AI-DS,50.46,No,8.51,7,Good,fmr#724VJ,Priya
S186,Male,ECE,74.98,No,6.77,6,Average,S32dI&b9J,Rahul
S187,Female,CIVIL,78.33,No,6.76,6.5,Average,&546WQkrW,Ishita
S188,Female,IT,21.58,Yes,2.53,2,Poor,C8NSp$4N4,Pooja
S189,Male,AI-DS,29.05,No,3.9,3,Poor,^vKt366iZ,Arjun
S190,Male,IT,75.49,Yes,9.02,8,Good,3TLRCG&23,Karan
S191,Male,IT,53.66,Yes,8.81,7.5,Good,7cV^5ST3q,Aarav
S192,Male,ECE,70.51,No,6.93,7,Good,m1oG*9yO6,Siddharth
S193,Male,CSE,52.42,Yes,7.11,6,Average,4gYJk!j96,Sai
S194,Female,CIVIL,50.85,Yes,6.53,5,Average,Kp$kM1s93,Riya
S195,Female,CSE,84.25,Yes,8.3,8.5,Good,5mNFa7D^7,Nisha
S196,Male,AI-DS,69.83,Yes,8.37,7,Good,svk8W%O76,Akhil
S197,Female,CIVIL,89.54,No,6.21,7,Good,1MJ#m1Mn0,Charitha
S198,Female,ME,58.94,No,9.23,7,Good,#2c01vGOy,Aaradhya
S199,Male,CIVIL,66.22,No,8.75,7.5,Good,c#zC682pL,Vamsi
S200,Female,ECE,50.1,No,6.25,5,Average,b!4v14qpC,Ananya
S201,Male,ME,74.69,No,9.48,8,Good,66Nud4Ux!,Rahul
S202,Female,CSE,96.43,No,8.4,9,Excellent,d15A3O&iJ,Sneha
S203,Female,IT,56.44,No,6.11,6,Average,dhK52%Sm7,Kavya
S204,Female,IT,91.43,No,9.73,10,Excellent,xCam2%4G6,Bhavya
S205,Female,CIVIL,62.82,No,8.05,7,Good,88f^sDSb8,Diya
S206,Female,ME,91.31,Yes,9.45,10,Excellent,TFwX630t^,Ishita
S207,Female,AI-DS,58.7,No,9.35,7.5,Good,P^M7Dow42,Ananya
S208,Female,IT,65.38,Yes,6.51,6,Average,2t50l$ITr,Meera
S209,Female,ME,50.74,Yes,6.66,5,Average,@GDE75Ms8,Kavya
S210,Male,IT,65.41,Yes,7.92,6,Average,R^80CQu0D,Akhil
S211,Male,AI-DS,58.61,Yes,7.25,6.5,Average,WPZ4F9*3n,Rahul
S212,Male,ME,87.58,No,7.22,8,Good,7o0Qvz7&i,Akhil
S213,Female,AI-DS,97.13,No,7.82,8,Good,3j2mSI3&V,Riya
S214,Male,CSE,58.42,Yes,9.14,7,Good,gd0WC5p&4,Arjun
S215,Male,ECE,30.78,No,4.37,3.5,Poor,zZDa69b0$,Aditya
S216,Male,AI-DS,96.17,Yes,5.96,6,Average,66#rDSxa3,Anil
S217,Female,ECE,62.22,No,9.69,7,Good,b&3o98yDC,Pooja
S218,Female,IT,75.98,No,7.78,7.5,Good,&6XK4M2GE,Pooja
S219,Male,CIVIL,80.34,Yes,9.39,9,Excellent,4iDA$1TQ9,Varun
S220,Male,CIVIL,70.1,Yes,9.84,8,Good,ys78Y^u3E,Rohit
S221,Female,AI-DS,60.2,No,7.82,6,Average,3sdY8j$j6,Priya
S222,Male,CIVIL,74.57,No,9.84,8.5,Good,XL38#9ruO,Karan
S223,Female,CSE,63.68,No,5.81,6,Average,Xv&2oRu59,Ishita
S224,Male,AI-DS,85.9,Yes,8.61,8,Good,pS#xGB686,Varun
S225,Male,CIVIL,87.01,No,8.09,8.5,Good,hD1kk#8u7,Aditya
S226,Male,CIVIL,50.35,Yes,5.44,6,Average,BB8^u56tP,Anil
S227,Male,AI-DS,16.32,No,3.34,2,Poor,4T4$FTV5N,Siddharth
S228,Female,AI-DS,88.67,No,5.18,6,Average,k1o5^5EHw,Meera
S229,Male,CSE,97.88,No,8.79,9.5,Excellent,8&b9ZU8vP,Rahul
S230,Male,CSE,75.58,No,8.78,8,Good,ux1sD6^L9,Aditya
S231,Male,CSE,42.19,No,4.62,4,Average,XPG!53O3o,Rahul
S232,Male,CIVIL,70.21,No,6.52,7,Good,$g568RIQW,Anil
S233,Female,AI-DS,76.87,Yes,7.89,7.5,Good,8tq^41FHK,Charitha
S234,Male,AI-DS,81.15,No,8.38,8,Good,TQN7x^F87,Rahul
S235,Female,ECE,80.14,Yes,5.48,6,Average,s474%UUWe,Nisha
S236,Male,ECE,97.91,No,7.09,7,Good,Gq*g7Dg29,Rohan
S237,Male,ME,83.84,No,7.04,7,Good,nwsN2Y51&,Arjun
S238,Female,CIVIL,69.56,Yes,5.84,6.5,Average,Z8p3UoF2&,Aaradhya
S239,Male,CSE,69.42,No,6.75,6,Excellent,T3x7Kg0U%,Rakesh
S240,Female,AI-DS,94.84,Yes,6.04,6.5,Average,o97Cw#0YY,Lavanya
S241,Male,ME,77.08,Yes,6.35,6,Average,@F414sxRw,Rakesh
S242,Male,IT,94.37,Yes,9.45,8,Poor,9L7QJ!0ju,Sai
S243,Male,ECE,83.1,No,7.69,7,Good,Ynr0&9eQ7,Aditya
S244,Female,CIVIL,80.89,No,8.61,8,Good,1%D2e6PeP,Riya
S245,Female,ME,91.12,No,2.85,3.5,Poor,23dbjJ!a1,Ananya
S246,Female,AI-DS,69.93,Yes,5.57,6,Average,4!OyL9zL4,Divya
S247,Male,IT,72.46,Yes,7.39,7,Good,J1i$Ob3r1,Anil
S248,Female,AI-DS,51.87,No,6.84,6,Average,Cr6JB#5o2,Ananya
S249,Female,ECE,90.92,Yes,9.15,10,Excellent,Wc8hXH5*7,Ananya
S250,Female,IT,58.31,Yes,6.92,6,Average,u0x0jV4%O,Diya
S251,Male,ME,85.27,No,8.1,8,Good,06CRMZ0J$,Vivek
S252,Male,IT,17.74,Yes,1.31,2,Poor,%IY7v9jc8,Siddharth
S253,Female,AI-DS,56.8,Yes,6.35,5,Average,Pfl%33pK5,Ishita
S254,Female,CIVIL,58.77,No,9.09,7,Good,sB47P^l5r,Navya
S255,Male,CSE,64.23,Yes,7.78,7.5,Good,L6Dh74Fm!,Vihaan
S256,Male,CIVIL,62.53,No,8.1,7,Good,aF884&JuA,Suresh
S257,Female,ME,67.52,No,8.18,7,Good,Ow2Gc#02m,Pooja
S258,Male,CIVIL,92.42,No,5.74,6.5,Average,Sr$rLo920,Sai
S259,Female,AI-DS,63.32,Yes,7.39,6,Average,82L%8oVMn,Navya
S260,Female,ECE,79.72,Yes,8.16,8,Good,7zY4X8f%M,Diya
S261,Male,ME,71.24,Yes,9.46,8.5,Good,$k305pdfk,Manoj
S262,Male,ME,65.33,No,8.43,7,Good,*K5eqPy59,Kiran
S263,Male,CIVIL,62.74,Yes,8.34,7,Good,YD!i67C3J,Kiran
S264,Male,CIVIL,89.34,No,5.91,6,Average,8V7&LALZ4,Arjun
S265,Female,ECE,91.19,No,7.63,8,Good,ZtND9U1#0,Saanvi
S266,Male,IT,82.46,Yes,8.26,8.5,Good,4Ln^WaE83,Rohan
S267,Male,CSE,70.13,Yes,8.1,8,Good,z916$Bgrv,Rakesh
S268,Female,CIVIL,94.86,No,8.29,9,Excellent,0ssRy^55d,Ishita
S269,Male,AI-DS,93.63,No,9.35,10,Excellent,Hc^iH6j73,Nikhil
S270,Male,CSE,97.42,No,6.01,6,Average,D^6I0OSH2,Rahul
S271,Male,CIVIL,88.34,Yes,9.69,10,Excellent,Fg7#0zq6p,Vamsi
S272,Female,IT,54.87,Yes,6.47,6,Average,14ya#5Bdn,Lavanya
S273,Female,CIVIL,82.29,No,5.28,6.5,Average,cAD7&u5b4,Navya
S274,Female,ME,73.17,Yes,6.46,6,Average,Fy5%75RYE,Charitha
S275,Male,IT,51.78,No,6.04,6,Average,*3K3AW7Ox,Aarav
S276,Female,ECE,96.05,No,8.91,9.5,Excellent,U*cz5XD97,Pooja
S277,Male,CSE,64.05,Yes,9.75,7,Good,0S*9kH1VK,Anil
S278,Male,IT,51.08,Yes,6.05,6,Average,Rn76%3pbh,Anil
S279,Male,AI-DS,88.06,Yes,8.83,8,Good,p47L3%sCC,Rakesh
S280,Female,CSE,90.74,Yes,5.87,6,Average,F6G$PoK74,Ananya
S281,Female,CSE,63.34,Yes,5.95,5.5,Average,ed!H11UQ0,Navya
S282,Male,CSE,83.66,Yes,6.48,7,Good,E%6Z76piM,Nikhil
S283,Female,CSE,79.33,No,5.53,6,Average,^E38qUzO8,Anjali
S284,Female,ME,56.83,No,7.77,6,Average,CAm25wS0@,Lavanya
S285,Female,ME,50.18,Yes,6.49,5.5,Average,2z%RJ3bl8,Sneha
S286,Female,IT,77.82,Yes,5.63,6,Average,40P7c!Vsy,Nisha
S287,Male,IT,87.74,No,6.65,7,Good,6*7gOo0Nu,Rohan
S288,Female,ECE,69.39,Yes,8.47,7.5,Good,h9dg30hZ!,Navya
S289,Male,ME,54.27,Yes,5.43,5,Average,wtQb&j025,Anil
S290,Female,CIVIL,71.71,No,9.61,8,Good,2i8K!Vr7s,Ananya
S291,Female,ME,86.61,Yes,9.53,9,Excellent,u#CRK5Y00,Ananya
S292,Male,IT,50.73,Yes,5.99,6,Average,ax264DEJ@,Sai
S293,Female,AI-DS,73.69,Yes,6.1,6,Average,2!64jTRQm,Diya
S294,Male,ME,84.95,No,8.46,8,Good,EGXz24N4!,Suresh
S295,Female,ECE,16.77,Yes,4.26,3.5,Poor,ZIK$I49A1,Charitha
S296,Female,ECE,65.45,No,8.12,7.5,Average,bu8!1xro2,Bhavya
S297,Male,CIVIL,96.98,No,7.59,8,Good,oT1Fi96!h,Suresh
S298,Female,IT,90.87,No,6.89,7,Good,xT7du34@v,Navya
S299,Female,AI-DS,50.69,Yes,8.37,6,Average,j210E^AjI,Nisha
S300,Female,AI-DS,91.45,No,7.66,7.5,Good,8W1m#w1sL,Nisha
S301,Female,AI-DS,61.8,No,6.02,6,Average,0lv0$QVb9,Riya
S302,Female,CIVIL,85.13,No,6.8,6,Average,P&3jL82lG,Charitha
S303,Male,ME,75.96,Yes,7.3,7,Good,f1e*4Lwc6,Vihaan
S304,Male,AI-DS,30.21,No,3.33,3,Poor,68zR3jdr&,Sai
S305,Female,CSE,26.22,No,1.99,2.5,Poor,Qw6%9U9Kd,Riya
S306,Female,CSE,87.74,Yes,7.85,8,Good,5Paf1!Yn2,Keerthi
S307,Female,IT,62.66,Yes,6.39,6,Average,6iDUk!57e,Charitha
S308,Female,IT,95.58,Yes,6.87,7,Good,2ubW$21Ln,Nisha
S309,Male,CIVIL,81.28,Yes,5.79,6.5,Average,388kELx@i,Siddharth
S310,Female,IT,91.12,No,8.68,9,Excellent,0nn0&b8Dw,Pooja
S311,Male,AI-DS,62.06,Yes,9.55,7,Good,zH8CO$m48,Vivek
S312,Male,AI-DS,20.7,Yes,3.8,3,Poor,!Do7vca30,Arjun
S313,Male,IT,74.26,No,8.39,8.5,Good,J39&N8Bze,Akhil
S314,Male,AI-DS,99.72,Yes,7.28,8,Good,7ah^U34iU,Suresh
S315,Female,ECE,65.27,No,7.98,6,Average,C3d9$wrV4,Charitha
S316,Male,CIVIL,69.52,Yes,9.26,7,Good,B9$9c9tDi,Varun
S317,Female,IT,74.95,No,9.18,7.5,Good,uPh*G620g,Nisha
S318,Male,CSE,56.26,Yes,7.7,6,Average,H#G1z09FZ,Karan
S319,Male,ME,51.22,No,5.41,9,Good,1N#1DVJG0,Rahul
S320,Male,IT,80.93,No,9.37,8.5,Good,MI9Qt*p17,Vamsi
S321,Female,ECE,82.59,No,7.09,9,Average,c33@EXl1F,Bhavya
S322,Female,ECE,95.55,No,6.61,2,Average,$dP6s9y4T,Ananya
S323,Female,CIVIL,79.68,No,6.25,6,Average,$B6EUg80F,Riya
S324,Male,ME,92.77,Yes,8.09,5,Average,8IW0vRp0*,Karan
S325,Female,ME,61.98,No,5.66,4.5,Average,6Bg14%qRz,Nisha
S326,Female,AI-DS,79.61,No,7.19,7,Good,yrMWY61!9,Charitha
S327,Female,ECE,81.5,No,9.41,8,Good,#37Ix9vMl,Saanvi
S328,Female,AI-DS,88.37,Yes,7.06,7,Good,*4l22qcEq,Divya
S329,Male,ECE,83.63,Yes,7.25,6,Average,s611po^fX,Rohit
S330,Male,CIVIL,62.07,No,5.76,6.5,Average,a@sP2H9R7,Vivek
S331,Female,IT,28.52,No,2.85,3,Poor,8c1kvwK@4,Diya
S332,Female,CSE,88.86,No,5.06,6,Average,sP73yo@6S,Keerthi
S333,Male,CIVIL,61.9,Yes,9.89,8,Good,V4h1vnV&1,Varun
S334,Male,CIVIL,66.34,Yes,5.97,5.5,Average,@wr7P30da,Rakesh
S335,Female,CIVIL,31.98,No,2.1,2,Poor,0X0#Byo6c,Bhavya
S336,Female,CIVIL,69.33,Yes,8.46,7,Good,6FX0D5@jN,Meera
S337,Male,ECE,94.57,Yes,5.82,6,Average,V40&FeUZ9,Karan
S338,Male,CSE,25.86,No,1.25,1.5,Poor,72y&h5rsl,Vivek
S339,Female,AI-DS,75.79,No,6.35,6,Average,aM1t&k63W,Priya
S340,Female,AI-DS,78.84,Yes,6.15,6.5,Average,6O6CA%xk6,Sneha
S341,Male,CIVIL,76.73,No,6.98,6,Average,d0%f3zAD5,Nikhil
S342,Female,IT,30.28,No,2.35,2.5,Poor,&lzq055vd,Diya
S343,Female,CIVIL,40.8,No,2.29,2,Poor,C6w@KSx55,Lavanya
S344,Female,IT,69.15,No,9.37,8,Good,V$B8D07kf,Nisha
S345,Female,IT,73.97,No,7.25,7.5,Good,aDFx2%W12,Aaradhya
S346,Male,CIVIL,96.11,No,6.47,7,Good,HG7X#TT22,Sai
S347,Female,CIVIL,20.88,Yes,3.74,2,Poor,5K%Rb43WA,Pooja
S348,Male,IT,57.19,Yes,9.29,7,Good,06Ex4R@LP,Siddharth
S349,Female,AI-DS,91.88,Yes,9.34,10,Excellent,pF5Em9l@6,Saanvi
S350,Male,CSE,10.01,Yes,3.45,1,Poor,ow*9Yt40e,Aditya
